name,diagnose,gen_change,zero,arrow___start,arrow___end,line___start,line___end,death___event,first_line___start,first_line___end,first_line_PR_1___event,first_line_СR_1___event,first_line_VGPR_1___event,first_line_PD_1___event,first_line_SD_1___event,first_line_MR_1___event,first_line_СR_2___event,first_line_PR_2___event,first_line_VGPR_2___event,first_line_PD_3___event,second_line___start,second_line___end,second_line_PR_1___event,second_line_СR_1___event,second_line_MR_1___event,second_line_PD_2___event,third_line___start,third_line___end,third_line_СR_1___event,third_line_SD_1___event,third_line_PD_2___event,third_line_SD_2___event,fourth_line___start,fourth_line___end,fourth_line_SD_1___event,crizotinib___start,crizotinib___end,ceritinib___start,ceritinib___end,alectinib___start,alectinib___end,lorlatinib___start,lorlatinib___end,tt_PR___event,tt_PD___event,tt_VGPR___event,tt_SD___event,tt2_lorlatinib___start,tt2_lorlatinib___end
Зиннятуллин,"БНБ, 4S, MNA+, ВР",ALK p.R1275Q,2019-06-07,,,2019-06-07,2022-02-12,2022-02-12,2019-06-07,2021-08-02,2019-11-28,,,,,,2020-11-27,,,2021-08-02,2021-08-03,2021-11-15,,,,,,,,,,,,,,2021-09-28,2021-11-15,,,,,,,,2021-11-15,,,,
Калач,"НБ, stage 1, MNA-, НР",ALK p.F1174L,2018-08-09,,,2018-08-09,2022-06-20,2022-06-20,2018-08-09,2018-08-09,,,,,,,2018-11-09,,,2019-12-18,2019-12-31,2021-01-11,,2020-04-29,,2021-09-09,2021-09-10,2022-02-11,,,2022-02-11,,,,,,,2021-10-01,2022-02-11,,,,,2021-12-19,,,,,
Колесниченко,"НБ, stage 4, MNA-, ВР",ALK p.R1275Q,2020-07-16,,,2020-07-16,2022-04-04,2022-04-04,2020-07-16,2021-08-27,,2020-12-30,,,,,,,,2021-08-27,2021-08-28,2021-12-01,,,,2021-12-01,2021-12-02,2021-12-23,,,,,,,,,,,,2021-12-15,2021-12-23,,,,2021-12-23,,,,
Денисенко,"НБ, stage 4, MNA+, ВР",амп ALK,2021-12-03,2021-12-03,2024-07-15,,,,2021-12-03,2023-05-16,,,2022-04-21,,,,,,,,,,,,,,,,,,,,,,,,,2022-01-02,2024-07-15,,,,,,,2023-05-16,,,
Наполин,"НБ, stage 4, MNA-, ВР",ALK p.R1275Q,2017-12-23,2017-12-23,2024-07-15,,,,2017-12-23,2019-07-01,,,,,2018-05-10,,,,,2021-02-09,2021-03-03,2021-07-20,,,,2021-07-20,2021-07-21,2022-04-22,,2021-10-20,2022-04-22,,2022-04-28,2024-07-15,,,,2022-04-28,2023-07-01,,,,,,,,2024-01-02,2023-07-02,2024-07-15
Яньшин,"НБ, stage 4, MNA-, ВР",ALK p.I1171T,2021-03-10,,,2021-03-10,2024-02-19,2024-02-19,2021-03-10,2022-03-03,2021-10-26,,,,,,2022-01-26,,,2022-03-30,2022-04-27,2022-09-15,,2022-07-27,,2022-09-15,2022-10-06,2023-06-20,2022-12-15,,2023-06-20,,2023-06-20,2024-01-22,2023-09-20,,,,,,,2022-12-15,2024-01-22,,2024-01-22,,,,
Низамов,"НБ, stage 4, MNA-, ВР",ALK p.Y1278S,2022-04-18,2022-04-18,2024-07-15,,,,2022-04-18,2023-10-15,2022-09-09,,,,,,,,,,,,,,,,,,,,,,,,,,,,,,,2022-11-21,2024-07-15,,,2023-06-16,,,
Косилкина,"МНБ, stage 4, MNA-, ПР",ALK p.R1275Q,2018-04-25,2018-04-25,2024-07-15,,,,2018-04-25,2018-06-28,,,,,,,,,,2018-06-28,2018-06-29,2019-12-01,2019-01-18,,,,,,,,,,,,,,,2019-06-01,2020-11-01,,,,,2019-12-01,,,,2020-11-02,2024-07-15
Ворнова,"НБ, stage 4, ВР",ALK p.R1275Q,2018-06-06,2018-06-06,2024-07-15,,,,2018-06-06,2019-12-29,,,2019-02-26,,,,,,,2019-12-29,2019-12-30,2020-12-01,2020-10-01,,,2023-11-02,2024-01-18,2024-03-22,,,2024-03-22,,2024-03-23,2024-07-15,,2020-12-01,2024-07-15,,,,,,,,,,,,
Шашлов,"НБ, stage 4, MNA-, ВР",ALK p.F1174I,2021-01-01,2021-01-01,2024-07-15,,,,2021-01-01,2022-12-06,,,,,2021-08-23,,,2022-02-25,,,,,,,,,,,,,,,,,,,,2021-03-19,2024-07-15,,,,,,,,,,
Осипова,"НБ, stage 4, MNA+, ВР",амп ALK,2020-10-14,,,2020-10-14,2021-11-13,2021-11-13,2020-10-14,2021-08-12,,2021-03-25,,,,,,,,2021-08-12,2021-08-13,2021-10-10,,,,,,,,,,,,,,2021-09-03,2021-10-10,,,,,,,,2021-10-10,,,,
Макрушин,"НБ, stage 4, MNA+, ВР",ALK p.R1275L,2018-09-28,,,2018-09-28,2022-01-22,2022-01-22,2018-09-28,2020-05-15,,2019-05-28,,,,,,,,2021-02-18,2021-03-13,2022-01-10,,,2021-06-13,,,,,,,,,,,2021-08-20,2022-01-10,,,,,,,,2022-01-10,,,,
Цыдыпов,"НБ, stage 4, MNA-, ВР",amp ALK,2022-05-26,2022-05-26,2024-07-15,,,,2022-05-26,2024-07-15,,,,,,2023-01-25,,,,,,,,,,,,,,,,,,,,,,,,,,2022-11-21,2023-10-01,2023-07-01,,,,,
Калягин,"НБ, stage 4, MNA-, ВР",ALK р.F1245L,2021-03-06,2021-03-06,2024-07-15,,,,2021-03-06,2023-03-02,2021-10-20,,,,,,,,,2023-03-02,2023-03-27,2024-07-15,,,,,,,,,,,,,,,,,,,,2023-08-22,2024-03-15,,,,2024-01-22,,
Исаев,"НБ, stage 4, MNA+, ВР",амп ALK,2023-03-13,2023-03-13,2024-07-15,,,,2023-03-13,2024-03-13,,,,,2023-06-08,,,,,2024-03-13,2024-03-19,2024-05-21,,,,2024-05-21,2024-05-22,2024-07-15,,,,2024-07-15,,,,,,,,,,2023-06-16,2024-03-19,2023-09-21,,,,2024-05-22,2024-07-15
Астанков,"НБ, stage 4, MNA+, ВР",ALK р.F1245L,2023-04-21,,,2023-04-21,2024-03-12,2024-03-12,2023-04-21,2023-10-05,,,,2023-10-05,,,,,,,2023-10-06,2024-01-30,,,,2024-02-06,,,,,,,,,,,,,,,,2023-10-06,2024-01-30,2023-11-26,,,,,
Хомутинникова,"НБ, stage 4, MNA+, ВР",ALK p.R1275Q + амп ALK,2023-04-10,2023-04-10,2024-07-15,,,,2023-04-10,2024-07-15,2023-09-20,,,,,,,,,,,,,,,,,,,,,,,,,,,,,,,2023-12-06,2024-07-15,,,,,,
Шогенова,"НБ, stage 4, MNA-, ВР",ALK p. R1275Q,2023-07-26,2023-07-26,2024-07-15,,,,2023-07-26,2024-07-15,2024-01-04,,,,,,,,2024-04-05,,,,,,,,,,,,,,,,,,,,,,,2024-04-05,2024-07-15,,,,,,
Магомедов Али,"НБ, stage 2, MNA-, НР",ALK p.R1275Q,2023-07-24,2023-07-24,2024-07-15,,,,2023-07-24,2023-07-24,,,2023-09-13,,,,,,,2024-02-12,2024-02-12,2024-07-15,2024-05-11,,,,,,,,,,,,,,,,,,,2024-05-11,2024-07-15,,,2024-07-01,,,
Кочетов,"ГНБ, stage 2, MNA-, НР",ALK p.F1174L,2023-06-13,2023-06-13,2024-07-15,,,,2023-06-13,2023-06-13,,,,,,,,,,2023-10-27,2023-10-27,2024-07-15,2024-03-30,,,,,,,,,,,,,,,,,,,2024-05-04,2024-07-15,,,,,,
